"12h AM/PM","12h AM/PM"
"12 Hours","12 Horas"
"1 Hour","1 Hora"
"24h","24h"
"24 Hours","24 Horas"
"2 Hours","2 Horas"
"2YTD","2AHD"
"6 Hours","6 Horas"
"About the calendar","Acerca del calendario"
"(Absolute path or Relative to Magento install root, ex. var/export)","(Rutas relativa o absoluta a la raíz de instalación de Magento, ej. var/export)"
"Access Denied.","Acceso denegado."
"Access Deny","Acceso denegado"
"Account Created in:","Cuenta creada en:"
"Account Created on:","Cuenta creada sobre:"
"Account Created on (%s):","Cuenta creada en (%s):"
"Account Information","Información de la cuenta"
"Account status","Estatus de la cuenta"
"Account successfully saved","Cuenta guardada exitosamente"
"Action","Acción"
"Actions","Acciones"
"Actions XML","Acciones XML"
"Active","Activo"
"Add after","Añadir después"
"Add","Añadir"
"Add Contents Path","Añadir la ruta de los contenidos"
"Add Exception","Añadir excepción"
"Add Field Mapping","Agregar campo seleccionado"
"Add Field with URL:","Añadir campo con URL:"
"Add Maintainer","Añadir Mantenedor"
"Add New Image","Agregar imagen nueva"
"Add New osCommerce Profile","Añadir perfil nuevo de osCommerce"
"Add New Profile","Agregar Perfil Nuevo"
"Add new Role","Asignar Rol nuevo"
"Add New Role","Asignar Rol Nuevo"
"Add new store view map","Add new store view map"
"Add New Template","Agregar plantilla nueva"
"Add New Urlrewrite","Agregar URL de reescritura nueva"
"Add New User","Agregar usuario nuevo"
"Add new website map","Add new website map"
"Add Package dependency","Añadir Dependencia de Paquete"
"Add PHP Extension dependency","Añadir Dependencia de Extensión PHP"
"Address Type:","Tipo de Dirección:"
"Add Subpackage dependency","Añadir Dependencia de Subpaquete"
"Add Urlrewrite","Añadir Urlrewrite"
"Add Urlrewrite for a Category","Añadir Urlrewrite para una Categoría"
"Add Urlrewrite for a Product","Añadir Urlrewrite para un Producto"
"Admin","Administrador"
"Advanced Admin Section","Sección de Administrador Avanzada"
"Advanced Profiles","Perfiles avanzados"
"Advanced Section","Sección Avanzada"
"Aggregate Order","Agregar pedido"
"All Allowed Countries","Todos los países permitidos"
"All Cache","Cache todo"
"All countries","Todos los países"
"All fields","Todos los campos"
"All Files","Todos los archivos"
"All possible rates were fetched, click on ""Save"" to apply","Todas las tarifas posibles fueron traídas, clic en ""Guardar"" para aplicar"
"All rates were fetched, click on ""Save"" to apply","Todas las tarifas posibles fueron traídas, clic en ""Guardar"" para aplicar"
"All Store Views","Toda las Vistas de la Tienda"
"All Tags","Todas las etiquetas"
"All","Todos"
"All valid rates successfully saved","Todas las tarifas validas fueron guardadas exitosamente"
"All Websites","Todos los sitios web"
"Amounts","Cantidades"
" and "," y "
"A new password was sent to your email address. Please check your email and click Back to Login.","Una contraseña nueva fue enviada a su email. Revise su email y regrese para acceder"
"Any Attribute Set","Cualquier set de cualidades"
"Any","Cualquiera"
"Any Group","Cualquier grupo"
"Any Status","Cualquier estatus"
"Any Store","Cualquier tienda"
"Any Type","Cualquier tipo"
"Any Visibility","Cualquier visibilidad"
"API:","API:"
"Api Key","Clave Api"
"Api Key Confirmation","Confirmación de Clave Api"
"API Stability","Estabilidad de la API"
"API Version","Versión de la API"
"Archive file name:","Nombre de archivo:"
"Area","Área"
"Are you sure that you want to delete this template?","¿Está seguro de que desea eliminar esta plantilla?"
"Are you sure that you want to strip tags?","¿Está seguro que quiere borrar las etiquetas?"
"Are you sure you want to do this?","Esta seguro que desea hacer esto?"
"Are you sure you wish to INSTALL all selected packages?","¿Está seguro que desea INSTALAR todos los paquetes seleccionados?"
"Are you sure you wish to UNINSTALL all selected packages?","¿Está seguro que desea DESINSTALAR todos los paquetes seleccionados?"
"Are you sure you wish to UPGRADE all selected packages?","¿Está seguro que desea ACTUALIZAR todos los paquetes seleccionados?"
"Assigned","Asignados"
"Attributes","Atributos"
"Attribute Set Name:","Nombre del conjunto de Atributos:"
"Attribute set successfully saved.","Conjunto de atributos guardado satisfactoriamente."
"Attribute set was successfully removed.","El conjunto de atributos fue removido exitosamente."
"Available Products","Productos Disponibles"
"Available Version","Versión Disponible"
"Average Order Amount","Importe promedio de pedidos"
"Average Orders","Pedidos promedio"
"Back","Regresar"
"Back to local packages","Regresar a los paquetes locales"
"Back to Login","Volver al inicio de sesión"
"Backup record was deleted","El registro de respaldo fue eliminado exitosamente"
"Backup","Respaldo"
"Backups","Respaldos"
"Backup successfully created","Respaldo creado exitosamente"
"Base currency","Divisa base"
"{{base_url}} is not recommended to use in a production environment to declare the Base Unsecure Url / Base Secure Url. It is highly recommended to change this value in your Magento <a href=""%s"">configuration</a>.","{{base_url}} no esta recomendada para usarse en producción por declarar la Base Insegura Url / Base Secure Url. Es muy recomendable que cambie este valor en su Megento <a href=""%s"">configuración</a>."
"b","b"
"Bcc","Bcc"
"Bestsellers","Los mas vendidos"
"Big Image","Imagen grande"
"Billing address","Dirección de facturación"
"Billing Address","Dirección de Facturación"
"Block Information","Bloque de Información"
"Both (without and with tax)","Ambos (con impuestos y sin ellos)"
"Browse Available Extensions","Navegar por las extensiones disponibles"
"Browse Available Remote Extensions","Navegar por las extensiones remotas disponibles"
"Browse Files...","Seleccionar archivos..."
"Bundle Items","Paquete de artículos"
"Bundle with dynamic pricing cannot include custom defined options. Options will not be saved.","No pueden incluir opciones personalizadas en paquetes con precios dinámicos. Las opciones no se guardarán."
"Cache Control (beta)","Control de Cache (beta)"
"Cache Control","Control de Cache"
"Cache Management","Gestión de Cache"
"Cancel","Cancelar"
"Can not add new comment.","No se puede añadir comentarios nuevos."
"Can not add tracking number.","No se puede añadir número de guía."
"Can not delete tracking number.","No se puede eliminar número de guía."
"Can not do credit memo for order","No se puede tener memos de crédito para el pedido"
"Can not do invoice for order","No se puede hacer factura para el pedido"
"Can not do shipment for order.","No se puede hacer envíos para el pedido."
"Can not initialize shipment for adding tracking number.","No se puede inicializar el envío para el número de guía añadido."
"Can not initialize shipment for delete tracking number.","No se puede inicializar el envío para el número de guía."
"Can not load track with retrieving identifier.","No se puede cargar el rastreo con el identificador de recuperación."
"Can not retrieve tracking number detail.","No se puede recuperar los detalles del número de guía."
"Can not save credit memo","No se puede cargar el memorándum de crédito"
"Can not save invoice","No se puede guardar la factura"
"Can not save shipment.","No se puede el envío."
"Can not send shipment information.","No se puede enviar el paquete."
"Can not update item qty","No se puede actualizar la cant. del artículo"
"Can't delete design change","No se pudo eliminar el cambio de diseño"
"Can't find email address.","No se puede encontrar la Dirección de Email."
"Card Verification Number","Número de verificación de tarjeta"
"Catalog","Catálogo"
"CatalogInventory Stock Status rebuild error. Please try again later","CatalogInventory Stock Status rebuild error. Please try again later"
"CatalogInventory Stock Status was rebuilt successfully","CatalogInventory Stock Status was rebuilt successfully"
"Catalog Rewrites","Catálogo Rewrites"
"Catalog Rewrites was refreshed successfully","Catálogo Rewrites fue regenerado exitosamente"
"Catalog Rewrites were refreshed successfully","Catálogo Rewrites fue regenerado exitosamente"
"Category:","Categoría:"
"Category","Categoría"
"Changelog","Registro de cambios"
"Channel:","Canal:"
"Channel","Canal"
"Checkbox","Casillas de selección"
"Choose an attribute","Seleccione un atributo"
"Choose Store View","Seleccione la vista de la tienda"
"Clear","Borrar"
"- Click on any of the time parts to increase it","- Clic en cualquiera de las partes de la hora para aumentarla"
"close","cerrar"
"Close","Cerrar"
"Comments History","Historial de comentarios"
"Comment text field can not be empty.","El campo para comentarios no puede dejarse vacío."
"Complete","Completo"
"Configuration","Configuración"
"Configuration successfully saved","Configuración guardada exitosamente"
"Confirmed email:","Confirmar email:"
"Conflicts","Conflictos"
"Connect with the Magento Community","Conectar con la Comunidad de Magento"
"Contents","Contenidos"
"Convert to Plain Text","Convertir a texto plano"
"Cookie (Unsafe)","Cookie (Insegura)"
"Country:","País:"
"Country","País"
"Coupon Code","Código de cupón"
"Coupons","Cupones"
"Create a backup","Create a backup"
"Create","Crear"
"Created At","Creado el"
"Create DB Backup","Crear Respaldo de BD"
"Created <strong>%s</strong> items","Created <strong>%s</strong> items"
"Create Extension Package","Crear un paquete de extensión"
"Create New Attribute","Crear atributo nuevo"
"Create New Staging Store View","Create New Staging Store View"
"Create Urlrewrite:","Crear Urlrewrite:"
"Credit Card Number","Número de Tarjeta de Crédito"
"Credit Card Number: xxxx-%s","Número de Tarjeta de Crédito: xxxx-%s"
"Credit Card Type: %s","Tipo de Tarjeta de Crédito: %s"
"Credit Card Type","Tipo de Tarjeta de Crédito"
"Credit Memo cancel error.","Error al cancelar el memorándum de crédito."
"Credit Memo History","Historial del memos de crédito"
"Credit Memo #%s comment added","Comentario #% añadido al Memo de crédito"
"Credit Memo #%s created","El memo #%s del crédito fue creado"
"Credit Memo total must be positive.","El memorándum de crédito total debe ser positivo."
"Credit Memo Totals","Totales de Memos de créditos"
"Credit Memo void error","Error de memorándum de crédito vacío"
"Credit Memo was successfully canceled.","El memorándum de crédito fue cancelado exitosamente."
"Credit Memo was successfully created","El memorándum de crédito fue creado exitosamente"
"Credit Memo was successfully voided","El memorándum de crédito fue vaciado exitosamente"
"critical","crítico"
"CRITICAL","CRÍTICO"
"CSV","CSV"
"CSV / Tab separated","CSV / Tab separados"
"Currency","Divisa"
"Currency Information","Información de Moneda"
"Currency Setup Section","Sección para Establecer Divisa"
"Current Configuration Scope:","Configuración actual de la extensión:"
"Current Release Information","Información de la versión actual"
"Customer","Cliente"
"Customer Group:","Grupo de clientes:"
"Customer Name","Nombre del cliente"
"Customers","Clientes"
"Customer Since:","Cliente desde:"
"Customer was deleted","El cliente fue eliminado"
"Customer was successfully saved","El cliente fue guardado satisfactoriamente"
"Customer with the same email already exists.","Ya existe un cliente con la misma Dirección Email."
"Custom","Personalizar"
"Custom Variables","Variables personalizadas"
"Dashboard","Tablero"
"Data Format","Formato de datos"
"Data transfer:","Transferencia de datos:"
"Date Added","Datos añadidos"
"Date","Date"
"Date:","Fecha:"
"Date selection:","Selección de Fecha:"
"Date selector","Selector de Fecha"
"Date & Time","Date & Time"
"Date Updated","Fecha actualizada"
"Day","Día"
"Decimal separator:","Separador Decimal:"
"Default (Admin) Values","Valores (Admin) predeterminados"
"Default Config","Configuración predeterminada"
"Default display currency ""%s"" is not available in allowed currencies","Pantalla de Divisa preestablecida ""%s"" no está disponible para las divisas permitidas"
"Default scope","Alcance predeterminado"
"Default Template from Locale","Plantilla predeterminadas desde local"
"Default Values","Valores predeterminados"
"[ deleted ]","[ eliminado ]"
"[deleted]","[eliminado]"
"Delete","Eliminar"
"Delete Profile","Eliminar Perfil"
"Delete Role","Eliminar Rol"
"Delete %s","Eliminar %s"
"Delete %s '%s'","Eliminar %s '%s'"
"Delete Store View","Eliminar vista de tienda"
"Delete Template","Eliminar Plantilla"
"Delete User","Eliminar usuario"
"Delete Website","Eliminar sitio web"
"Dependencies","Dependencias"
"Description:","Descripción:"
"Description","Descripción"
"Design change deleted","Cambio de diseño eliminado"
"Design change saved","Cambio de diseño guardado"
"Design","Diseño"
"Design Section","Sección de Diseño"
"Developer Section","Sección de Desarrollo"
"DHTML Date/Time Selector","DHTML Selector de Fecha/Hora"
"Direction:","Dirección:"
"Disabled","Inhabilitado"
"Disable","Inhabilitar"
"Discount Amount","Cantidad de descuento"
"Display default currency","Mostrar la divisa predeterminada"
"Display %s first","Mostrar %s primero"
"Distributed under GNU LGPL. See %s for details.","Distribuido bajo GNU LGPL. Ver %s para más detalles."
"Done by:","Hecho por:"
"Done By:","Hecho por:"
"Download and Install","Descarga e Instala"
"Downloading and installing $pkg, please wait...","Descargando e instalando $pkg, por favor espere..."
"Download Remote File","Descargar archivo remoto"
"Do you really want to KILL parallel process and start new indexing process?","¿Realmente quiere anular el proceso en paralelo y empezar un proceso en paralelo de indexación?"
"Drag to move","Arrastre para mover"
"Drop-down","Desplegabel hacia abajo (Drop-down)"
"Edit Email Template","Modificar plantilla de Email"
"Edit","Modificar"
"Edit Poll","Modificar encuesta"
"Edit Role","Modificar Rol"
"Edit Store View","Modificar Vista de Tienda"
"Edit System Template","Modificar Plantilla del sistema"
"Edit Tag","Modificar etiqueta"
"Edit Template","Modificar plantilla"
"Edit Urlrewrite","Modificar Urlrewrite"
"Edit User","Modificar usuario"
"Edit User '%s'","Modificar Usuario '%s'"
"Edit Website","Modificar Sitio Web"
"Email Address:","Dirección de Email:"
"Email address is empty.","La Dirección de correo está vacía."
"Email:","Email:"
"Email","Email"
"Email Preview","Previsualización de Email"
"Email to a Friend","Email a un amigo"
"Enabled","Habilitado"
"Enable","Habilitar"
"Enclose Values In:","Adjuntar valores en:"
"Entity type:","tipo de entidad:"
"Entity Type","Tipo de Entidad"
"Error uploading the file","Error al subir el archivo"
"Error while cleared Image cache. Please try again later","Error mientras se borraba el cache de Imagen. Inténtelo más tarde por favor"
"Error while create backup. Please try again later","Hubo un error mientras se creaba el respaldo. Por favor intente despues"
"Error while deleting this role. Please try again later.","Hubo un error mientras se eliminaba esta Rol. Por favor intente después."
"Error while deleting this set.","Hubo un error mientras se eliminaba este conjunto."
"Error while finished process. Please refresh cache","Error mientras se terminaba el proceso. Renueve el cache por favor"
"Error while refreshed Catalog Rewrites. Please try again later","Error mientras se renovaba el Catálogo Rewrites. Inténtelo más tarde por favor"
"Error while refreshed Layered Navigation Indices. Please try again later","Error mientras se renovaban los Indices de Navegación por Capas. Inténtelo de nievo más tarde"
"Error while saving account. Please check all required fields","Error while saving account. Please check all required fields"
"Error while saving account. Please try again later","Error mientras se guardaba la cuenta. Por favor intente mas tarde"
"Error while saving this configuration: ","Error mientras se guardaba esta configuración:"
"Error while saving this role. Please try again later.","Error mientras se guardaba este rol. Por favor intente mas tarde."
"Error while updating selected review(s). Please try again later.","Error mientras se actualizaba las reseñas seleccionadas. Por favor intente mas tarde."
"example: ""sitemap/"" or ""/"" for base path (path must be writeable)","ejemplo: ""sitemap/"" o ""/"" para la ruta principal (el directorio debe tener permisos de escritura)"
"example: sitemap.xml","ejemplo: sitemap.xml"
"Excl. Tax","Excl. Impuestos"
"Exclude (comma separated)","Excluir (separado por comas)"
"Exclude","Excluir"
"Expiration Date","Fecha de Expiración"
"Expiration Date: %s/%s","Fecha de Vencimiento: %s/%s"
"Export CSV","Exportar CSV"
"Export:","Exportar:"
"Export","Exportar"
"Export Filters","Exportar Filtros"
"Export to:","Exportar a:"
"Extension","Extensión"
"Extension Name","Nombre de la extensión"
"Extensions","Extensiones"
"Failed to add a product to cart by id ""%s""","Falla al añadir un producto al carrito por id ""%s"""
"Failed to load %1$s.xml or %1$s.ser","Falla al cargar %1$s.xml o %1$s.ser"
"Field","Campo"
"Field Mapping","Asignación de campos"
"File","Archivo"
"File Information","Información del archivo"
"File name:","Nombre del archivo:"
"File size should be more than 0 bytes","El archivo debería de ser de más de 0 bytes"
"Final Price","Precio Final"
"Finished items creation.","Finished items creation."
"Finished profile execution.","Ejecución de perfiles terminado."
"Firstname","Primer nombre"
"First Name:","Primer nombre:"
"First Name","Primer nombre"
"Fixed","Fijado"
"Flat Catalog Category rebuild error","Flat Catalog Category rebuild error"
"Flat Catalog Category was rebuilt successfully","Flat Catalog Category was rebuilt successfully"
"Flat Catalog Product rebuild error. Please try again later","Flat Catalog Product rebuild error. Please try again later"
"Flat Catalog Product was rebuilt successfully","Flat Catalog Product was rebuilt successfully"
"For category","Por categoría"
"Forgot your password?","¿Olvidó su contraseña?"
"Forgot your user name or password?","¿Olvidó su nombre de usuario o contraseña?"
"For latest version visit: %s","Para la versión más actualizada visite: %s"
"For product","Por producto"
"(For US 2-letter state names)","(Para los EU nombres de estado de 2 letras)"
"from","desde"
"From","Desde"
"FTP Host[:Port]","Host FTP[:Puerto]"
"Gb","Gb"
"General Information","Información General"
"General Section","Sección General"
"Get help for this page","Obtén ayuda para esta página"
"Get Image Base64","Obtén imagen Base64"
"Global Attribute","Atributo Global"
"Global Record Search","Búsqueda  de registro global"
"Global Search","Búsqueda Global"
"Google Base","Google Base"
"Google Base Items","Artículos Google Base"
"Go Today","Ir Hoy"
"Go to notifications","Ir a las notificaciones"
"Grand Total","Gran Total"
"Grid (default) / List","Rejilla (predeterminado) / Lista"
"Grid only","Rejilla solamente"
"Group:","Grupo:"
"Guest","Invitado"
"<h1 class=""page-heading"">404 Error</h1><p>Page not found.</p>","<h1 class=""page-heading"">Error 404</h1><p>Página no encontrada.</p>"
"<h1 class=""page-heading"">Access denied</h1><p>Access denied.</p>","<h1 class=""page-heading"">Acceso denegado</h1><p>Acceso denegado.</p>"
"Help Us Keep Magento Healthy - Report All Bugs","Participa en el fortalecimiento de Magento - Reporte todas las fallas"
"- Hold mouse button on any of the above buttons for faster selection.","- Sostenga el botón del mouse en cualquiera de los botones de arriba para una selección más rápida."
"Home","Inicio"
"HTTPS (SSL)","HTTPS (SSL)"
"HTTP (unsecure)","HTTP (inseguro)"
"ID","ID"
"ID Path","Camino ID"
"* - If indexing is in progress, it will be killed and new indexing process will start","* - Si la indexación esta en progreso, será anulada y un proceso nuevo de indexación comenzará"
"(If left empty will be auto-generated)","(Si se deja en blando será autogenerado)"
"Ignore","Ignorar"
"Image cache was cleared successfully","El cache de la imagen fue borrado exitosamente"
"Images Cache","Cache de Imagenes"
"Images (.gif, .jpg, .png)","Imageness (.gif, .jpg, .png)"
"Images","Imagenes"
"images/logo.gif","images/logo.gif"
"Imported <strong>%s</strong> records","Registros <strong>%s</strong>  importados"
"Import/Export Advanced","Importar/Exportar Avanzado"
"Import/Export","Importar/Exportar"
"Import/Export Profile","Importar/Exportar Perfil"
"Import","Importar"
"Import Service","Importar Servicio"
"Inactive","Inactivo"
"Incl. Tax","Incl. Impuestos"
"Include","Incluido"
"Incoming Message","Mensaje entrante"
"In Database:","Dentro de la base de datos:"
"In","Dentro"
"Individual Item","Artículo individual"
"In File:","En archivo:"
"Installed As","Instalado como"
"Installed Extension Info","Información de la extensión instalado"
"Installed Version","Versión instalada"
"Installing $pkg, please wait...","Instalando $pkg, por favor espere..."
"Installing selected packages, please wait...","Instalando los paquetes seleccionados, por favor espere..."
"Install","Instalar"
"Install Package File","Instalar paquete de archivo"
"Instant Payment Notification (IPN)","Notificación de pago instantáneo (IPN)"
"Interactive","Interactivo"
"Interface Locale: %s","Interfaz local: %s"
"Invalid directory: %s","Directorio inválido: %s"
"Invalid file: %s","Archivo inválido: %s"
"Invalid Form Key. Please refresh the page.","Invalid Form Key. Please refresh the page."
"Invalid Import Service Specified","El servicio de importación seleccionado es inválido"
"Invalid input data for %s => %s rate","Datos de entrada no válidos para %s => %s tarifa"
"Invalid input:","Entrada inválida:"
"Invalid parrent block for this block","Bloque Pariente inválido para este bloque"
"Invalid POST data (please check post_max_size and upload_max_filesize settings in you php.ini file)","Dato POST inválido (revisar la configuración de post_max_size y upload_max_filesize en su archivo php.ini)"
"Invalid Secret Key. Please refresh the page.","Invalid Secret Key. Please refresh the page."
"Invalid section value","Selección de valor inválido"
"Invalid store value","Valor de tienda inválido"
"Invalid URL","URL inválido"
"Invalid Username or Password.","Nombre de usuario o contraseña inválido."
"Invalid website value","Valor inválido en sito web"
"Inventory Stock Status","Estatus de las existencias en el Inventario"
"Invoice and shipment was successfully created.","Factura y envío fueron creados exitosamente."
"Invoice cancel error.","Error de factura cancelada."
"Invoice capture error","Error de factura capturada"
"Invoice History","Historial de facturas"
"Invoice #%s comment added","Comentario #%s añadido a la factura"
"Invoice #%s created","La factura #%s  fue creada"
"Invoice Totals","Totales de facturas"
"Invoice void error","Error de factura vacía"
"Invoice was successfully canceled.","La factura fue cancelada exitosamente."
"Invoice was successfully captured","La factura fue capturada exitosamente"
"Invoice was successfully created.","La factura fue creada exitosamente."
"Invoice was successfully voided","La factura fue vaciada exitosamente"
"IP Address","Dirección IP"
"Issue Number","Número de publicación"
"Issuer: %s","Emisor: %s"
"Items","Artículos"
"items selected","Artículos seleccionados"
"Items to merge","Items to merge"
"Kb","Kb"
"Last 24 hours","Las últimas 24 horas"
"Last 5 Orders","Los últimos 5 pedidos"
"Last 5 Search Terms","Los últimos 5 términos de Búsqueda "
"Last 7 days","Los últimos 7 días"
"Last Logged In (%s):","Última vez que accedió (%s):"
"Last Logged In:","Último inicio de sesión:"
"Last Month","El último mes"
"Lastname","Apellido"
"Last Name:","Apellido:"
"Last Name","Apellido"
"Latest Message:","Último mensaje:"
"Layered Navigation indexing queue cancelled","La cola de indexación en las capas de navegación se ha cancelado"
"Layered Navigation indexing queued","La cola de indexación en las capas de navegación"
"Layered Navigation Indices","Índices de Navegación por Capas"
"Layered Navigation Indices was refreshed successfully","L Índice de Navegación por Capas fue renovado satisfactoriamente"
"Layered Navigation Indices were refreshed successfully","Los Índices de Navegación por Capas fueron renovados satisfactoriamente"
"Layered Navigation process queued to be killed","El progreso de cola en las capas de navegación esta aniquilado"
"(Leave empty for first spreadsheet)","(Dejar vacio para la primer hoja de cálculo)"
"Leave empty to use tax identifier","Dejar vacío para usar identificador de impuestos"
"Level","nivel"
"License:","Licencia:"
"License","Licencia"
"License URI","Licencia URI"
"Lifetime Sales","Ventas por siempre"
"Links","Enlaces"
"List (default) / Grid","Lista (predeterminada) / Rejilla"
"List only","Lista solamente"
"Load default template","Cargar la plantilla por default"
"Loading...","Cargando..."
"Load local Package","Cargar paquete local"
"Load Template","Cargar plantilla"
"Locale","Local"
"Local/Remote Server","Servidor Local/Remoto"
"Local Server","Servidor local"
"Logged in as %s","Iniciada la sesión como %s"
"Login","Acceder"
"Log in to Admin Panel","Acceder al Panel de Administración"
"Log into Magento Admin Page","Acceder a la Página de Administración de Magento"
"Log Out","Terminar sesión"
"Magento Admin","Administrador de Magento"
"Magento Commerce - Administrative Panel","Magento Commerce - Panel Administrativo"
"Magento Connect","Magento Connect"
"Magento Connect Manager","Administrador Magento Connect"
"Magento is a trademark of Irubin Consulting Inc. DBA Varien. Copyright &copy; %s Irubin Consulting Inc.","Magento, marca registrada de Irubing Consulting Inc. DBA Varien. Copyright &copy; %s Irubin Consulting Inc."
"Magento Logo","Logo de Magento"
"Magento&trade; is a trademark of Irubin Consulting Inc. DBA Varien.<br/>Copyright &copy; %s Irubin Consulting Inc.","Magento&trade; M.R. de Irubing Consulting Inc. DBA Varien <br/>Copyright &copy; %s Irubin Consulting Inc."
"Magento&trade; is a trademark of Magento Inc.<br/>Copyright &copy; %s Magento Inc.","Magento&trade; es una marca registrada de Magento Inc.<br/>Derechos Reservados &copy; %s Magento Inc."
"Magento ver. %s","Magento versión. %s"
"Maintainers","Mantenedores"
"major","mayor"
"MAJOR","MAYOR"
"Manage Currency Rates","Gestión de tasas de cambio"
"Manage Customers","Gestión de clientes"
"Manage Installed Extensions","Gestión de extensiones instalados"
"Manage osCommerce Orders","Gestión de Pedidos en osCommerce"
"Manage osCommerce Profiles","Gestión de Perfiles en osCommerce"
"Manage Ratings","Gestión de calificaciónes"
"Manage Stores","Gestión de tiendas"
"Mapping Configuration","Mapping Configuration"
"Matched expression","Expresiones similares"
"Maximum","Máximo"
"Max","Máx"
"Mb","Mb"
"md5sum","md5sum"
"Media (.avi, .flv, .swf)","Medio (.avi, .flv, .swf)"
"Merge Now","Merge Now"
"Messages Inbox","Mensajes Recibidos"
"Minimum","Mínimo"
"Min","Mín"
"minor","menor"
"MINOR","MENOR"
"Module version conflict!","Module version conflict!"
"Month","Mes"
"Most Viewed Products","Productos más vistos"
"MS Excel XML","Microsoft Excel XML"
"Multiple Select","Selección Múltiple"
"My Account","Mi cuenta"
"Name:","Nombre:"
"Name","Nombre"
"Name on Card","Nombre en la tarjeta"
"Name on the Card: %s","Nombre en la tarjeta: %s"
"N/A","N/A"
"New Accounts","Cuentas Nuevas"
"New admin password","Contraseña Nueva de administrador"
"New Api Key","Clave Nueva de Api"
"New Customers","Clientes Nuevos"
"New Email Template","Plantilla de Email Nueva"
"New Extension","Extensión Nueva"
"New Item Type","Tipo de Artículo Nuevo"
"New Password","Contraseña Nueva"
"New Profile","Perfil Nuevo"
"New Store View","Vista Nueva de la tienda"
"New System Template","Plantilla Nueva de sistema"
"New Tag","Etiqueta Nueva"
"New Template","Plantilla Nueva"
"New User","Usuario Nuevo"
"New Website","Sitio Web Nuevo"
"Next month (hold for menu)","Mes siguiente (mantenga para ver menú)"
"Next page","Siguiente página"
"Next year (hold for menu)","Año siguiente (mantenga para ver menú)"
"No change","Sin cambio"
"No Data Found","No se encontraron datos"
"No Extensions Found","No se encontraron extensiones"
"None","Ninguno"
"No","No"
"No (price without tax)","No (precio sin impuestos)"
"No profile loaded...","No hay perfil cargado..."
"No profile","Sin perfil"
"No records found for this period.","No se encontraron registros para este periodo."
"No records found.","No se encontraron registros."
"No search keywords.","No hay palabras de Búsqueda ."
"No search modules registered","No hay módulos de Búsqueda  registrados"
"No Templates Found","No se encontraron plantillas"
"Note:","Nota:"
"Notes:","Notas:"
"Notes","Notas"
"notice","aviso"
"NOTICE","AVISO"
"Number of Orders","Números de pedidos"
"Number of records:","Número de registros:"
"Number of Use","Números de uso"
"Number of Uses","Número de usos"
"of %s pages","de %s páginas"
"Old rate:","vieja tarifa:"
"One of options row has error","Una de las opciones del renglón tiene error"
"Only attributes with scope ""Global"", input type ""Dropdown"" and Use To Create Configurable Product ""Yes"" are available.","sólo atributos con el ámbito ""Global"",tipo de entrada en menú desplegable"" y usar para crear un producto configurable ""Si"" están disponibles."
"Only mapped fields","sólo campos asignados"
"Optional","Opcional"
"Options","Opciones"
"- or click and drag for faster selection.","- o clic y arrastre para selección más rápida."
"Order confirmation email not sent","No se envío el correo de la confirmación del pedido"
"Order confirmation email sent","El Email de confirmación del pedido fue enviado"
"Order not longer exist.","El pedido ya no existe."
"Order not longer exist","El pedido ya no existe"
"Order #%s","Pedido #%s"
"Orders","Pedidos"
"Order #%s (%s)","Pedido #%s (%s)"
"Order Totals","Totales del pedido"
"Original Magento attribute names in first row:","Nombres de atributos originales de Magento en la primera columna:"
"or","or"
"- or Shift-click to decrease it","- 0 shift-clic para aumentarlo"
"Package Extensions","Extensiones del paquete"
"Package File Name","Nombre del archivo del paquete"
"Package Info","Información del paquete"
"Package Information","Información del paquete"
"Package","Paquete"
"Package %s data was successfully loaded","Los datos del paquete %s fueron cargados satisfactoriamente"
"Packages","Paquetes"
"Page","Página"
"Parent Product Thumbnail","Imagen miniatura de producto raíz"
"Passive mode","Modo pasivo"
"Password Confirmation","Confirmación de contraseña"
"Password:","Contraseña:"
"Password","Contraseña"
"Path:","Ruta:"
"Path","Ruta"
"Payment Data Transfer (PDT)","Transferencia de datos de pago(PDT)"
"Payment method must be specified","El método de pago debe ser especificado"
"PayPal Email","Email de Paypal"
"PEAR config","Configuración PEAR"
"PEAR Configuration was successfully saved","La Configuración PEAR fue satisfactoriamente guardada"
"PEAR Console","Consola PEAR"
"Pending installation...","Instalación pendiente..."
"Pending Tags","Etiquetas pendientes"
"Percent","Porcentaje"
"Performed At","A realizarse en"
"Period","Periodo"
"Per Item","Por Artículos"
"Permanent (301)","Permanente (301)"
"Permissions","Permisos"
"Per Order","Por pedido"
"per page","por página"
"Personal Information","Información Personal"
"Phone:","Teléfono:"
"PHP Version","Versión  de PHP"
"Please, add a few answers to this poll first","Por favor, primero agregue unas cuantas respuestas a la encuesta"
"Please confirm site switching. All data that hasn't been saved will be lost.","Por favor confirme el cambio de sitio. Todos los datos que no han sido guardados serán perdidos."
"Please enter 6 or more characters.","Por favor ingrese 6 o más caracteres."
"Please enter a number greater than 0 in this field.","Por favor ingrese un Número mayor a 0 en este campo."
"Please enter a valid $ amount. For example $100.00.","Por favor ingrese  una cantidad $ válida. Por ejemplo $100.00."
"Please enter a valid credit card number.","Por favor ingrese un número válido de tarjeta de credito."
"Please enter a valid date.","Por favor ingrese una fecha válida."
"Please enter a valid email address. For example johndoe@domain.com.","por favor, ingrese una Dirección de Email válido. Por ejemplo johndoe@domain.com."
"Please enter a valid number in this field.","Por favor ingrese un Número válido en este campo."
"Please enter a valid phone number. For example (123) 456-7890 or 123-456-7890.","Por favor ingrese un número telefónico válido, por ejemplo  (123) 456-7890 or 123-456-7890."
"Please enter a valid social security number. For example 123-45-6789.","Por favor ingrese un número de seguridad sociual válido, por ejemplo 123456789."
"Please enter a valid URL. For example http://www.example.com or www.example.com","Por favor ingrese una URL válida. Por ejemplo http://www.example.com"
"Please enter a valid URL. http:// is required","Por favor ingrese una URL válida. http:// es requerido"
"Please enter a valid value, ex: 10,20,30","Por favor ingrese un valor válido, ex: 10,20,30"
"Please enter a valid value from list","Por favor ingrese una valor valido de la lista"
"Please enter a valid zip code. For example 90602 or 90602-1234.","Por favor ingrese un código postal válido. Por ejemplo 90602 o 90602-1234."
"Please enter a valid zip code.","Por favor ingrese un codigo postal válido."
"Please enter valid password.","Por favor ingrese una contraseña válida."
"Please fill in 'email' field.","Por favor complete el campo 'Email'."
"Please make sure that all global admin search modules are installed and activated.","Por favor este seguro que todos los módulos globales de Búsqueda  están instalados y activados."
"Please make sure that your changes were saved before running the profile.","Por favor esté seguro de que todos los cambios fueron guardados antes de correr el perfil."
"Please make sure your passwords match.","Por favor asegúrese que las contraseñas coincidan."
"-- Please select a category --","-- Favor de seleccione una categoría --"
"Please select a custmer","Por favor seleccione un cliente"
"Please select an option.","Por favor seleccione una opción."
"Please select a store","Por favor seleccione una tienda"
"Please, select a store view","Please, select a store view"
"Please select catalog searches","Por favor seleccione las búsquedas de catálogo"
"Please select customer(s)","Por favor seleccione el o los clientes"
"-- Please select --","-- Favor de seleccionar --"
"-- Please Select --","-- Favor de seleccionar --"
"--Please Select--","--Favor de seleccionar--"
"Please select one of the above options.","Por favor seleccione una de las opciones de arriba."
"Please select one of the options.","Por favor seleccione una de las opciones."
"Please select review(s)","Por favor seleccione reseña(s)"
"Please select State/Province.","Por favor seleccione el estado/provincia."
"Please select tag(s)","Por favor seleccione etiqueta(s)"
"Please, select visible in stores to this poll first","Por favor, primero seleccione visible en las tiendas para esta encuesta"
"Please specify admin custom URL","Especifique URL del administrador personalizado"
"Please specify at least start or end date.","Por favor especifique por lo menos una fecha de inicio o final."
"Please use in this field only ""a-z,0-9,_"".","Por favor use en este campo ""a-z,0-9,_""."
"Please use letters only (a-z) in this field.","Por favor use letras solamente (a-z) en este campo."
"Please use numbers only in this field. please avoid spaces or other characters such as dots or commas.","Por favor use Números solamente en este campo. Por favor no use espacios u otros caracteres como puntos o comas."
"Please use only letters (a-z) or numbers (0-9) only in this field. No spaces or other characters are allowed.","Por favor use sólo letras (a-z) o Números (0-9) sólo en este campo. No se permiten espacios u otros caracteres."
"Please use only letters (a-z) or numbers (0-9) or spaces and # only in this field.","Por favor use  en este campo sólo letras (a-z) o Números (0-9) o espacios o # solamente."
"Please use this date format: dd/mm/yyyy. For example 17/03/2006 for the 17th of March, 2006.","Por favor use este formato de fecha: dd/mm/aaaa. Por ejemplo  17/03/2006 para el 17 de marzo del, 2006."
"Please wait, loading...","Por favor espere, cargando..."
"Please wait...","Por favor espere..."
"Poll Manager","Gestor de encuestas"
"Poll was successfully deleted","La encuesta fue eliminada satisfactoriamente"
"Poll was successfully saved","La encuesta fue guardada exitosamente"
"Position of Watermark for %s","Posición de la marca de agua para %s"
"Preferred state","Estado preferido"
"Preparing to change $pkg, please wait...","Preparando para cambiar $pkg, por favor espere..."
"Preview","Previsualizar"
"Preview Template","Previsualizar plantilla"
"Previous page","Página previa"
"Prev. month (hold for menu)","Mes ant. (mantenga para ver menú)"
"Prev. year (hold for menu)","Año ant. (mantenga para ver menú)"
"Price alert subscription was saved successfully","La  suscripción de alertas de precio fue guardado exitosamente"
"Price:","Precio:"
"Price","Precio"
"Primary Billing Address","Dirección primaria de facturación"
"Processed <strong>%s%% %s/%d</strong> items","Processed <strong>%s%% %s/%d</strong> items"
"Processed <strong>%s%% %s/%d</strong> records","Registros <strong>%s%% %s/%d</strong> procesados"
"Product:","Producto:"
"Product","Producto"
"Products","Productos"
"(Products will be added/updated to this store if 'store' column is blank or missing in the import file.)","(Los productos serán añadidos o actualizados para esta tienda si la columna ""tienda"" esta en blanco o perdida en el archivo de importación.)"
"Product Thumbnail Itself","Miniatura del producto"
"Profile Action","Acción del perfil"
"Profile Actions XML","Acciones de Perfiles en XML"
"Profile Direction","Dirección del perfil"
"Profile History","Historia del perfil"
"Profile Information","Información del perfil"
"Profile Name","Nombre del perfil"
"Profiles","Perfiles"
"Profile was deleted","El perfil fue eliminado"
"Profile was successfully saved","El perfil fue guardado satisfactoriamente"
"Profile Wizard","Perfiles Wizard"
"Promo","Promoción"
"Promotions","Promociones"
"Provided Files","Archivos provistos"
"Qty","Cant."
"Quantity","Cantidad"
"Queued... Cancel","Cola... Cancelar"
"Queue Refresh","Renovación de cola"
"Radio Buttons","Botones Radio"
"Rates","Tarifas"
"Rating was successfully deleted","La calificación fue eliminada satisfactoriamente"
"Rating was successfully saved","La calificación fue guardada exitosamente"
"Read details","Leer detalles"
"Rebuild Flat Catalog Category","Rebuild Flat Catalog Category"
"Rebuild Flat Catalog Product","Rebuild Flat Catalog Product"
"Rebuild","Reconstruir"
"Recent Orders","Pedidos Recientes"
"Recommended","Recomendado"
"Recursive Dir","Dir Recursivo"
"Redirect","Redirigir"
"Refresh","Actualizar"
"Refresh Now*","Renovar ahora*"
"Region/State","Estado/Región"
"Release Info","información de la liberación"
"Release","Liberación"
"Release Stability","Estabilidad de la liberación"
"Release Version","Versión Liberada"
"Remote Extension Info","Información de la extensión remota"
"Remote FTP","FTP remoto"
"Remote URL:","URL remoto:"
"Remove","Remover"
"Reports","Reportes"
"Request Path","Ruta Requerida"
"Required","Requerido"
"Reset Filter","Restablecer filtro"
"Reset","Restablecer"
"Resize","Redimensionar"
"Resource Access","Acceso de recurso"
"Resources","Recursos"
"Results","Resultados"
"Retrieve Password","Recuperar contraseña"
"Return Html Version","Regresar a la versión en HTML"
"Revenue","Ingresos"
"Role ID","Rol del ID"
"Role Info","Información de la Rol"
"Role Information","Información de la Rol"
"Role Name","Nombre del Rol"
"Role Resources","Recursos del Rol"
"Role","Rol"
"Roles Resources","Recursos de los roles"
"Roles","Roles"
"Role successfully deleted.","Rol eliminada exitosamente."
"Role successfully saved.","Rol guardada exitosamente."
"Role Users","Rol de los usuarios"
"Rotate CCW","Rotar CCW"
"Rotate CW","Rotar CW"
"Run","Ejecutar"
"Run in popup","Ejecutar en pop up"
"Running:","Ejecutando:"
"Running... Kill","Ejecutando... Aniquilar"
"Run Profile","Ejecutar perfil"
"Run Profile In Popup","Ejecutar perfil en popup"
"Run Profile Inside This Window","Ejecutar perfil dentro de esta ventana"
"Sales Report","Reporte de ventas"
"Samples","Muestras"
"Save Account","Guardar cuenta"
"Save And Continue Edit","Guardar y continuar editando"
"Save and Continue Editing","Guardar y continuar editando"
"Save As...","Guardar como..."
"Save cache settings","Guardar las Configuraciones del cache"
"Save Config","Guardar configuración"
"Save Currency Rates","Guardar Tarifas de Moneda"
"Save data and Create Package","Guardar los datos y crear el paquete"
"Save & Generate","Guardar y Generar"
"Save","Guardar"
"Save package with custom package file name","Guardar paquete con nombre de archivo del paquete"
"Save PEAR Config","Guardar configuración PEAR"
"Save Profile","Guardar Perfil"
"Save Role","Guardar Rol"
"Save Template","Guardar Plantilla"
"Save User","Guardar usuario"
"Schedule Merge","Schedule Merge"
"Search","Búsqueda"
"Search Index","Buscar Índice"
"Search Index rebuild error. Please try again later","Search Index rebuild error. Please try again later"
"Search Index was rebuilt successfully","Search Index was rebuilt successfully"
"Search Term","Buscar Término"
"Search Terms","Buscar Términos"
"Select All","Seleccionar Todo"
"Select Category","Seleccionar Categoría"
"Select date","Seleccionar fecha"
"Select Date","Seleccionar fecha"
"Selected allow currency ""%s"" is not available in installed currencies","Divisa Seleccionada permitida ""%s"" no está disponible en las divisas instaladas"
"Selected base currency is not available in installed currencies","Divisa base seleccionada no está disponible en las divisas instaladas"
"Selected default display currency is not available in allowed currencies","Divisa predeterminada a mostrar seleccionada no está disponible en las divisas permitidas"
"Selected default display currency is not available in installed currencies","Divisa predeterminada a mostrar seleccionada no está disponible en las divisas instaladas"
"Select Range","Seleccionar Rango"
"Select","Seleccionar"
"Select Visible","Seleccionar Visibilidad"
"Select website from map","Select website from map"
"Select website to map","Select website to map"
"Sender","Remitente"
"Separate email","Email separado"
"(Shift-)Click or drag to change value","(Shift-)Clic o arrastre para cambiar valor"
"Shipment Comments","Comentaros de Envíos"
"Shipment History","Historia de Envíos"
"Shipment #%s comment added","Comentario #%s  de envío añadido"
"Shipment #%s created","Envíos #%s Creados"
"Shipment was successfully created.","Envío fue creado exitosamente."
"Shipment was successfully sent.","Envío fue enviado exitosamente."
"Shipping address","Direcciones de envío"
"Shipping Address","Direcciones de envío"
"Shipping address selection is not applicable","La dirección de envío seleccionada no es aplicable"
"Shipping","Envíos"
"Shipping method must be specified","Debe de especificarse un método de envío"
"Shipping method selection is not applicable","El método de envío seleccionado no es aplicable"
"Shipping origin","Origen del envío"
"Shipping Price","Precio del envío"
"Shopping Cart from %s","Carrito de compras de %s"
"Show by","Mostrar por"
"Show Report for","Mostrar reporte por"
"Show reviews","Mostrar reseñas"
"Sitemap Information","Información del mapa del sitio"
"Size for %s","Tamaño por %s"
"Skip category selection","Saltar selección de categoría"
"SKU:","No. Ref. (SKU):"
"SKU","No. Ref. (SKU)"
"Some items in this order have different invoice and shipment types. You can create shipment only after the invoice is created.","Algunos artículos en este pedido tienen diferentes facturas y tipos de envío."
"Some of the ordered items don't exist in the catalog anymore and will be removed if you try to edit the order.","Algunos de los artículos pedidos no existen en el catálogo y serán quitados si intenta modificar el pedido."
"Sorry, this feature is coming soon...","Disculpe, esta característica estará disponible pronto..."
"Sort Order","Clasificar pedido"
"Specific Countries","Especificar países"
"Spreadsheet Name:","Nombre de la hoja de cálculo:"
"SSL Error: Invalid or self-signed certificate","Error SSL: Certificado inválido o no firmado"
"Stability","Estabilidad"
"Staging Store: ","Staging Store: "
"Staging Website: ","Staging Website: "
"Start Date","Fecha de inicio"
"Starting profile execution, please wait...","Comenzando la ejecución del Perfil, por favor espere..."
"(Starting with)","(Comienza con)"
"State/Province:","Estado/Provincia:"
"Status:","Estatus:"
"Status","Estatus"
"Stock notification was saved successfully","La notificación de existencias fue guardada satisfactoriamente"
"Stock Quantity:","Cantidad de Existencias:"
"Store Email Addresses Section","Sección de direcciones de Email de tienda"
"store(%s) scope","Ámbito (%s) de la tienda"
"Store: ","Store: "
"Store:","Tienda:"
"Store","Tienda"
"Store View","Vista de tienda"
"Subject","Asunto"
"Submit","Enviar"
"Subpackage can't be conflicting","El Sub paquete no puede ser conflictivo"
"Subpackages","Subpaquetes"
"Subpackage","Subpaquete"
"Subtotal Amount","Cantidad  del Subtotal"
"Subtotal","Subtotal"
"Summary:","Resumen:"
"Summary","Resumen"
"Switch/Solo card issue number: %s","Tarjeta de debito Switch/Solo código de seguridad: %s"
"Switch/Solo card start Date: %s/%s","Tarjeta de debito Switch/Solo con fecha de inicio: %s/%s"
"Switch/Solo/Maestro(UK Domestic) card issue number: %s","Trajeta de debito Switch/Solo/Maestro(UK Hogar) código de seguridad: %s"
"Switch/Solo/Maestro(UK Domestic) card start Date: %s/%s","Trajeta de debito Switch/Solo/Maestro(UK Hogar) fecha de Inicio: %s/%s"
"Switch/Solo/Maestro(UK Domestic) Only","Únicamente Switch/Solo/Maestro(UK Domestic)"
"Switch/Solo Only","Únicamente Switch/Solo"
"System Section","Sección del Sistema"
"System","Sistema"
"Tags","Etiquetas"
"Tag was successfully deleted","La etiqueta fue eliminada satisfactoriamente"
"Tag was successfully saved","La etiqueta fue guardada exitosamente"
"Target Path","Ruta del Objetivo"
"Tax","Impuesto"
"Tb","Tb"
"Template Content","Contenido de la plantilla"
"Template Information","Información de la plantilla"
"Template Name","nombre de la plantilla"
"Template","Plantilla"
"Template Subject","Asunto de la Plantilla"
"Template Type","Tipo de Plantilla"
"Temporary (302)","Temporal (302)"
"Text","Texto"
"(\t for tab)","(t para tab)"
"The archive can be uncompressed with <a href=""%s"">%s</a> on Windows systems","El archivo puede ser descomprimido con <a href=""%s"">%s</a> en Sistema Windows"
" The customer doesn't exist in the system anymore","El cliente ha dejado de existir en el sistema"
"The information in this tab has been changed.","La información en esta pentalla ha sido cambiada."
"This account is","Esta cuenta es"
"This account is inactive.","This account is inactive."
"This attribute set don't have attributes which we can use for configurable product","Este conjunto de atributos no tiene los atributos que pueden ser usados para un producto configurable"
"This attribute shares the same value in all the stores","Este atributo comparte el mismo valor en todas las tiendas"
"This is a required field.","Este es un campo requerido."
"This product is currently disabled","Actualmente este producto está inhabilitado"
"This section is not allowed.","Esta sección no está permitida."
"This tab contains invalid data. Please solve the problem before saving.","Esta pestaña contiene información inválida. Por favor resuelva el problema antes de guardar"
"This user no longer exists","Este usuario ha dejado de existir"
"Thumbnail","Miniatura"
"Time:","Hora:"
"Time selection:","Selección de hora:"
"Time","Time"
"to","a"
"To","A"
"Toggle Editor","Modificar Interruptor"
"Tools","Herramientas"
"Top 5 Search Terms","Los 5 más buscados"
"Total Amount","Cantidad total"
"Total %d records found","Número total %d de registros encontrados"
"Total Invoiced","Total facturado"
"Total of %d record(s) were successfully deleted","Total de %d registros fueron eliminados satisfactoriamente"
"Total of %d record(s) were successfully updated","El total %d de registros fueron actualizados satisfactoriamente"
"Total Order Amount","Cantidad total del pedido"
"Total Refunded","Total de reembolsos"
"Total","Total"
"Tracking number can not be empty.","El número de guía no puede quedar vacío."
"Tracking number %s for %s assigned","Números %s de seguimiento %s asignado"
"Track order","Rastrear el pedido"
"Track this shipment","Ratrear este envío"
"Transactional Emails","Correos electrónicos transaccionales"
"Try Magento Go for Free","Pruebe Magento De forma gratuita"
"Type:","Tipo:"
"Type","Tipo"
"Unable to find a poll to delete","No fue posible encontrar una encuesta para eliminar"
"Unable to find a tag to delete","No fue posible encontrar una etiqueta para eliminar"
"Unable to find a user to delete","Imposible encontrar un usuario para eliminar"
"Unable to initialize import model","Imposible de inicializar el modelo de importación"
"Unable to save Cron expression","No es posible guardar la expresión Cron"
"Uninstall","Desinstalar"
"Uninstalling $pkg, please wait...","Desinstalando $pkg, por favor espere..."
"Uninstalling selected packages, please wait...","Desinstalando los paquetes seleccionados, por favor espere..."
"Unknown","Desconocido"
"Unknown error","Error desconocido"
"Unselect All","Cancelar todas las selecciones"
"Unselect Visible","Cancelar la selección de Visible"
"Update","Actualizar"
"Updated At","Actualizar a"
"Upgrade","Actualizar"
"Upgrade all available packages","Actualizar  todos los paquetes disponibles"
"Upgrade All Available Packages","Actualizar todos los paquetes disponibles"
"Upgrade all packages","Actualizar todos los paquetes"
"Upgrading all available packages, please wait...","Actualizando todos los paquetes disponibles, por favor espere..."
"Upgrading all packages, please wait...","Actualizando todos los paquetes, por favor espere..."
"Upgrading $pkg, please wait...","Actualizando $pkg, por favor espere..."
"Upgrading selected packages, please wait...","Actualizando los paquetes seleccionados, por favor espere..."
"Upload and Install","Subir e Instalar"
"Upload Files","Subir Archivo"
"Upload File","Subir Archivo"
"Upload HTTP Error","Error HTTP al subir"
"Upload import file","Cargar archivo de importación"
"Upload I/O Error","Error I/O al subir"
"Upload Local File","Actualizar archivo local"
"Upload local file:","Subir archivo local:"
"Upload Security Error","Error de seguridad al subir"
"Urlrewrite Information","Urlrewrite Información"
"Url Rewrite Management","Gestor de Rewrite URL"
"Use Config Settings","Use Config Settings"
"Use default","Usar predeterminado"
"Use Default Value","Usar valores predeterminados"
"User Email","Email del usuario"
"User ID","ID de usuario"
"User Info","Información del usuario"
"User Information","Información del usuario"
"User name","Nombre del usuario"
"User Name","Nombre del usuario"
"User Name:","Nombre de usuario:"
"User Role","Rol del usuario"
"User Roles Information","Información de las roles del usuario"
"User Roles","Roles del usuario"
"Users","Usuarios"
"User","Usuario"
"User was successfully deleted","EL usuario fue eliminado satisfactoriamente"
"User was successfully saved","El usuario fue guardado satisfactoriamente"
"User with the same User Name or Email aleady exists","Existe un usuario con el mismo nombre o con el mismo Email"
"- Use the %s buttons to select month","- Utilice el botón %s para seleccionar mes"
"- Use the %s, %s buttons to select year","- Utilice el botón %s para seleccionar mes"
"Use website","Usar sitio web"
"Value Delimiter:","Valor delimitador:"
"Value","Valor"
"Version:","Versión:"
"Version","Versión"
"View Actions XML","Ver Acciones XML"
"View Statistics for","Ver estadísticas para"
"View","Ver"
"Visibility:","Visibilidad:"
"Warning! Empty value can cause problems with CSV format.","¡Atención! Valores vacíos pueden causar problemas con el formato CSV."
"Warning: Please don't close window during importing/exporting data","Advertencia, por favor no cierre la ventana durante el proceso de importación/exportación de datos"
"Warning!rnThis action will remove this user from already assigned rolernAre you sure?","Warning!rnThis action will remove this user from already assigned rolernAre you sure?"
"Warning!rnThis action will remove those users from already assigned rolesrnAre you sure?","Warning!rnThis action will remove those users from already assigned rolesrnAre you sure?"
"Watermark File for %s","Archivo de marca de agua por %s"
"Web Section","Sección Web"
"Web services","Servicios web"
"Web Services","Servicios Web"
"Website","Sitio Web"
"website(%s) scope","Alcance (%s) del sitio web"
"Websites / Stores","Websites / Stores"
"Websites","Websites"
"Website: ","Website: "
"We're in our typing table, coding away more features for Magento. Thank you for your patience.","Estamos en nuestra máquina de escribir, inventando más código para funcionalidades nuevas de Magento. Gracias por su paciencia."
"What is this?","¿Qué es esto?"
"(When 'No', only mapped fields will be imported. When mapping, use 'column1', 'column2', etc.)","(Cuando sea 'No', sólo los campos trazados serán importados. Cuando sea trazado, utilice 'columna1', 'columna2', etc.)"
"Wishlist Report","Reporte de la Lista de Deseos"
"Wrong column format","Formato de columna erróneo"
"Wrong tab configuration","Configuración errónea de pestañas"
"XML","XML"
"Year","Año"
"Yes (only price with tax)","Sí (sólo precio con impuesto)"
"Yes","Sí"
"You cannot delete account of yourself","Usted no puede eliminar su propia cuenta"
"You can not delete self assigned roles.","Usted no puede eliminar roles autoasignados."
"You have not enought permissions to login.","Usted no tiene los suficientes permisos para iniciar sesión."
"You have not enought permissions to use this functionality.","Usted no tiene los suficientes permisos para usar esta funcionalidad."
"You have %s unread message(s).","Usted tiene %s Mensaje(s) sín leer."
"(You have to increase php memory_limit before changing this value)","(Tiene que incrementar php memory_limit antes de cambiar este valor)"
"You have","Usted tiene"
"You need specify carrier.","Necesita especificar la mensajeria."
"You need to specify order items","Necesita especificar los artículos del pedido"
"Your answers contain duplicates.","Sus respuestas contienen duplicados."
"Your server PHP settings allow you to upload files not more than %s at a time. Please modify post_max_size (currently is %s) and upload_max_filesize (currently is %s) values in php.ini if you want to upload larger files.","La configuración de su servidor PHP no le permite subir más de %s archivos a la vez. Modifique post_max_size (actualmente es %s) y upload_max_filesize (actualmente es %s) valores en php.ini Su Usted quiere subir archivos más grandes."
"You successfully logged out.","Salió del sistema satisfactoriamente."
"YTD","AHD"
"Zip/Postal Code:","C.P./Código Postal:"
"Zip/Postal Code","C.P./Código Postal"
